id,title,mime_type,full_source_url
1290,555560283_122238784478079609_1587755834170295017_n,image/jpeg,http://islandhouse.wales/wp-content/uploads/2025/10/555560283_122238784478079609_1587755834170295017_n.jpg
1281,Island-House-Aerial-1-2048×1152,image/png,http://islandhouse.wales/wp-content/uploads/2024/12/Island-House-Aerial-1-2048x1152-1.png
1277,Untitled design – 2024-02-25T173333.656,image/png,http://islandhouse.wales/wp-content/uploads/2024/02/Untitled-design-2024-02-25T173333.656.png
1261,IMG_7219,image/jpeg,http://islandhouse.wales/wp-content/uploads/2023/07/IMG_7219-scaled.jpeg
1260,IMG_7217,image/jpeg,http://islandhouse.wales/wp-content/uploads/2023/07/IMG_7217-scaled.jpeg
1259,IMG_7216,image/jpeg,http://islandhouse.wales/wp-content/uploads/2023/07/IMG_7216-scaled.jpeg
1258,IMG_7214,image/jpeg,http://islandhouse.wales/wp-content/uploads/2023/07/IMG_7214-scaled.jpeg
1257,IMG_7221,image/jpeg,http://islandhouse.wales/wp-content/uploads/2023/07/IMG_7221-scaled.jpeg
1250,IMG_6210,image/jpeg,http://islandhouse.wales/wp-content/uploads/2023/07/IMG_6210-scaled.jpeg
1249,IMG_6207,image/jpeg,http://islandhouse.wales/wp-content/uploads/2023/07/IMG_6207-scaled.jpeg
1248,IMG_6204,image/jpeg,http://islandhouse.wales/wp-content/uploads/2023/07/IMG_6204-scaled.jpeg
1247,IMG_6199,image/jpeg,http://islandhouse.wales/wp-content/uploads/2023/07/IMG_6199-scaled.jpeg
1246,IMG_6197,image/jpeg,http://islandhouse.wales/wp-content/uploads/2023/07/IMG_6197-scaled.jpeg
1245,IMG_6195,image/jpeg,http://islandhouse.wales/wp-content/uploads/2023/07/IMG_6195-scaled.jpeg
1236,IMG_4131,image/jpeg,http://islandhouse.wales/wp-content/uploads/2023/01/IMG_4131-scaled.jpg
1235,IMG_4131,image/heic,http://islandhouse.wales/wp-content/uploads/2023/01/IMG_4131.heic
1234,1 – 1,image/jpeg,http://islandhouse.wales/wp-content/uploads/2023/01/1-1.jpeg
1233,1 – 2,image/jpeg,http://islandhouse.wales/wp-content/uploads/2023/01/1-2.jpeg
1232,1 – 3,image/jpeg,http://islandhouse.wales/wp-content/uploads/2023/01/1-3.jpeg
1231,1 – 4,image/jpeg,http://islandhouse.wales/wp-content/uploads/2023/01/1-4.jpeg
1230,1 – 5,image/jpeg,http://islandhouse.wales/wp-content/uploads/2023/01/1-5.jpeg
1211,Getting Island House Watertight,image/png,http://islandhouse.wales/wp-content/uploads/2022/11/Screenshot-2022-11-22-at-13.27.26.png
1202,1 – 6,image/jpeg,http://islandhouse.wales/wp-content/uploads/2022/11/1-6-scaled.jpeg
1201,1 – 6 (1),image/jpeg,http://islandhouse.wales/wp-content/uploads/2022/11/1-6-1.jpeg
1200,1 – 5,image/jpeg,http://islandhouse.wales/wp-content/uploads/2022/11/1-5.jpeg
1199,1 – 5 (1),image/jpeg,http://islandhouse.wales/wp-content/uploads/2022/11/1-5-1.jpeg
1198,1 – 4,image/jpeg,http://islandhouse.wales/wp-content/uploads/2022/11/1-4.jpeg
1197,1 – 4 (1),image/jpeg,http://islandhouse.wales/wp-content/uploads/2022/11/1-4-1.jpeg
1196,1 – 3,image/jpeg,http://islandhouse.wales/wp-content/uploads/2022/11/1-3-scaled.jpeg
1195,1 – 3 (1),image/jpeg,http://islandhouse.wales/wp-content/uploads/2022/11/1-3-1.jpeg
1194,1 – 2,image/jpeg,http://islandhouse.wales/wp-content/uploads/2022/11/1-2.jpeg
1193,1 – 2 (1),image/jpeg,http://islandhouse.wales/wp-content/uploads/2022/11/1-2-1.jpeg
1192,1 – 1,image/jpeg,http://islandhouse.wales/wp-content/uploads/2022/11/1-1.jpeg
1186,1 – 1 (1),image/jpeg,http://islandhouse.wales/wp-content/uploads/2022/11/1-1-1.jpeg
1152,35NE0721,image/jpeg,http://islandhouse.wales/wp-content/uploads/2020/04/35NE0721.jpeg
1151,35NSE0721,image/jpeg,http://islandhouse.wales/wp-content/uploads/2020/04/35NSE0721.jpeg
1149,31NS0721,image/jpeg,http://islandhouse.wales/wp-content/uploads/2020/04/31NS0721.jpeg
1148,31NS0121,image/jpeg,http://islandhouse.wales/wp-content/uploads/2020/04/31NS0121.jpeg
1146,20SW0721,image/jpeg,http://islandhouse.wales/wp-content/uploads/2020/04/20SW0721.jpeg
1145,20SW0121,image/jpeg,http://islandhouse.wales/wp-content/uploads/2020/04/20SW0121.jpeg
1144,20NE0121,image/jpeg,http://islandhouse.wales/wp-content/uploads/2020/04/20NE0121.jpeg
1143,20NE0721,image/jpeg,http://islandhouse.wales/wp-content/uploads/2020/04/20NE0721.jpeg
1141,16NW0721,image/jpeg,http://islandhouse.wales/wp-content/uploads/2020/04/16NW0721.jpeg
1140,17SW1220,image/jpeg,http://islandhouse.wales/wp-content/uploads/2020/04/17SW1220.jpeg
1139,17SW0721,image/jpeg,http://islandhouse.wales/wp-content/uploads/2020/04/17SW0721.jpeg
1138,16NW1220,image/jpeg,http://islandhouse.wales/wp-content/uploads/2020/04/16NW1220.jpeg
1136,6SE1220,image/jpeg,http://islandhouse.wales/wp-content/uploads/2020/04/6SE1220.jpeg
1135,6SE0721,image/jpeg,http://islandhouse.wales/wp-content/uploads/2020/04/6SE0721.jpeg
1134,13NW1220,image/jpeg,http://islandhouse.wales/wp-content/uploads/2020/04/13NW1220.jpeg
1133,13NW0721,image/jpeg,http://islandhouse.wales/wp-content/uploads/2020/04/13NW0721.jpeg
1131,2SW1220,image/jpeg,http://islandhouse.wales/wp-content/uploads/2020/04/2SW1220.jpeg
1130,2SW0721,image/jpeg,http://islandhouse.wales/wp-content/uploads/2020/04/2SW0721.jpeg
1129,4SE1220,image/jpeg,http://islandhouse.wales/wp-content/uploads/2020/04/4SE1220.jpeg
1128,4SE0721,image/jpeg,http://islandhouse.wales/wp-content/uploads/2020/04/4SE0721.jpeg
1071,Island House Restoration Ltd Exhibition,image/jpeg,http://islandhouse.wales/wp-content/uploads/2022/02/264210936_10159609968798629_5589075425275281351_n.jpg
1068,Video – By Rob Scourfield,image/png,http://islandhouse.wales/wp-content/uploads/2022/02/Screenshot-2022-02-10-at-13.04.08.png
1060,Illustrative 3D Visualisations,image/jpeg,http://islandhouse.wales/wp-content/uploads/2022/02/VISUAL-03.pdf_1.jpg
1059,VISUAL-02.pdf_1,image/jpeg,http://islandhouse.wales/wp-content/uploads/2022/02/VISUAL-02.pdf_1.jpg
1058,VISUAL-01.pdf_1,image/jpeg,http://islandhouse.wales/wp-content/uploads/2022/02/VISUAL-01.pdf_1.jpg
1057,The Team,image/jpeg,http://islandhouse.wales/wp-content/uploads/2022/02/THE-TEAM.pdf_1.jpg
1056,Proposed Sections,image/jpeg,http://islandhouse.wales/wp-content/uploads/2022/02/THE-PROPOSALS-SECTIONS.pdf_1.jpg
1055,THE-PROPOSALS-FLOOR-PLANS-2.pdf_1,image/jpeg,http://islandhouse.wales/wp-content/uploads/2022/02/THE-PROPOSALS-FLOOR-PLANS-2.pdf_1.jpg
1054,Floor Plans,image/jpeg,http://islandhouse.wales/wp-content/uploads/2022/02/THE-PROPOSALS-FLOOR-PLANS-1.pdf_1.jpg
1053,Proposed Elevations,image/jpeg,http://islandhouse.wales/wp-content/uploads/2022/02/THE-PROPOSALS-ELEVATIONS.pdf_1.jpg
1052,REPAIR-WORKS-03.pdf_1,image/jpeg,http://islandhouse.wales/wp-content/uploads/2022/02/REPAIR-WORKS-03.pdf_1.jpg
1051,REPAIR-WORKS-02.pdf_1,image/jpeg,http://islandhouse.wales/wp-content/uploads/2022/02/REPAIR-WORKS-02.pdf_1.jpg
1050,Repair Works,image/jpeg,http://islandhouse.wales/wp-content/uploads/2022/02/REPAIR-WORKS-01.pdf_1.jpg
1049,Condition Pre Purchase,image/jpeg,http://islandhouse.wales/wp-content/uploads/2022/02/PRE-PURCHASE-FINAL.pdf_1.jpg
1048,The History And People Of Island House | 2020 – 1778,image/jpeg,http://islandhouse.wales/wp-content/uploads/2022/02/PEOPLE-AND-HISTORY-PAGE-2.pdf_1.jpg
1047,The History And People Of Island House | 2020 – 1778,image/jpeg,http://islandhouse.wales/wp-content/uploads/2022/02/PEOPLE-AND-HISTORY-PAGE-1.pdf_1.jpg
1046,The History Of Island House,image/jpeg,http://islandhouse.wales/wp-content/uploads/2022/02/HISTORY-OF-ISLAND-HOUSE-2.pdf_1.jpg
1045,HISTORY-OF-ISLAND-HOUSE-1.pdf_1,image/jpeg,http://islandhouse.wales/wp-content/uploads/2022/02/HISTORY-OF-ISLAND-HOUSE-1.pdf_1.jpg
1044,Ground Investigation And Environmental Reconstruction,image/jpeg,http://islandhouse.wales/wp-content/uploads/2022/02/GROUND-INVESTIGATION-FINAL.pdf_1.jpg
1043,ENVIRONMETAL-RECONSTRUCTION.pdf_1,image/jpeg,http://islandhouse.wales/wp-content/uploads/2022/02/ENVIRONMETAL-RECONSTRUCTION.pdf_1.jpg
1042,Concept Development,image/jpeg,http://islandhouse.wales/wp-content/uploads/2022/02/DESIGN-DEVELOPMENT.pdf_1.jpg
1041,Condition On Purchase,image/jpeg,http://islandhouse.wales/wp-content/uploads/2022/02/CONDITION-ON-PURCHASE-FINAL.pdf_1.jpg
1040,Commencing Repair Works,image/jpeg,http://islandhouse.wales/wp-content/uploads/2022/02/COMMENCING-REPAIR-WORKS.pdf_1.jpg
1039,Clearance,image/jpeg,http://islandhouse.wales/wp-content/uploads/2022/02/CLEARANCE-FINAL.pdf_1.jpg
1038,CIVIL-WAR-FINAL.pdf_1,image/jpeg,http://islandhouse.wales/wp-content/uploads/2022/02/CIVIL-WAR-FINAL.pdf_1.jpg
1037,Archaeology,image/jpeg,http://islandhouse.wales/wp-content/uploads/2022/02/ARCHAEOLOGY.pdf_1.jpg
965,The Civil War,image/jpeg,http://islandhouse.wales/wp-content/uploads/2022/02/CIVIL-WAR.jpg
963,CIVIL-WAR,application/pdf,http://islandhouse.wales/wp-content/uploads/2022/02/CIVIL-WAR.pdf
961,THE-TEAM,image/jpeg,http://islandhouse.wales/wp-content/uploads/2022/02/THE-TEAM-1.jpg
960,PEOPLE-AND-HISTORY-PAGE-2,image/jpeg,http://islandhouse.wales/wp-content/uploads/2022/02/PEOPLE-AND-HISTORY-PAGE-2-1-scaled.jpg
959,PEOPLE-AND-HISTORY-PAGE-1,image/jpeg,http://islandhouse.wales/wp-content/uploads/2022/02/PEOPLE-AND-HISTORY-PAGE-1-1-scaled.jpg
958,PEOPLE-AND-HISTORY-PAGE-1,application/pdf,http://islandhouse.wales/wp-content/uploads/2022/02/PEOPLE-AND-HISTORY-PAGE-1-1.pdf
957,PEOPLE-AND-HISTORY-PAGE-2,application/pdf,http://islandhouse.wales/wp-content/uploads/2022/02/PEOPLE-AND-HISTORY-PAGE-2-1.pdf
956,THE-TEAM,application/pdf,http://islandhouse.wales/wp-content/uploads/2022/02/THE-TEAM-1.pdf
951,PEOPLE-AND-HISTORY-PAGE-2,image/jpeg,http://islandhouse.wales/wp-content/uploads/2022/02/PEOPLE-AND-HISTORY-PAGE-2-scaled.jpg
950,PEOPLE-AND-HISTORY-PAGE-1,image/jpeg,http://islandhouse.wales/wp-content/uploads/2022/02/PEOPLE-AND-HISTORY-PAGE-1-scaled.jpg
949,THE-TEAM,image/jpeg,http://islandhouse.wales/wp-content/uploads/2022/02/THE-TEAM.jpg
948,ARCHAEOLOGY,image/jpeg,http://islandhouse.wales/wp-content/uploads/2022/02/ARCHAEOLOGY-1-scaled.jpg
945,CIVIL-WAR-FINAL,image/jpeg,http://islandhouse.wales/wp-content/uploads/2022/02/CIVIL-WAR-FINAL.jpg
944,ARCHAEOLOGY,image/jpeg,http://islandhouse.wales/wp-content/uploads/2022/02/ARCHAEOLOGY.jpg
919,VISUAL-03,application/pdf,http://islandhouse.wales/wp-content/uploads/2022/02/VISUAL-03.pdf
918,VISUAL-02,application/pdf,http://islandhouse.wales/wp-content/uploads/2022/02/VISUAL-02.pdf
917,VISUAL-01,application/pdf,http://islandhouse.wales/wp-content/uploads/2022/02/VISUAL-01.pdf
916,THE-TEAM,application/pdf,http://islandhouse.wales/wp-content/uploads/2022/02/THE-TEAM.pdf
915,THE-PROPOSALS-SECTIONS,application/pdf,http://islandhouse.wales/wp-content/uploads/2022/02/THE-PROPOSALS-SECTIONS.pdf
914,THE-PROPOSALS-FLOOR-PLANS-2,application/pdf,http://islandhouse.wales/wp-content/uploads/2022/02/THE-PROPOSALS-FLOOR-PLANS-2.pdf
913,THE-PROPOSALS-FLOOR-PLANS-1,application/pdf,http://islandhouse.wales/wp-content/uploads/2022/02/THE-PROPOSALS-FLOOR-PLANS-1.pdf
912,THE-PROPOSALS-ELEVATIONS,application/pdf,http://islandhouse.wales/wp-content/uploads/2022/02/THE-PROPOSALS-ELEVATIONS.pdf
911,REPAIR-WORKS-03,application/pdf,http://islandhouse.wales/wp-content/uploads/2022/02/REPAIR-WORKS-03.pdf
910,REPAIR-WORKS-02,application/pdf,http://islandhouse.wales/wp-content/uploads/2022/02/REPAIR-WORKS-02.pdf
909,REPAIR-WORKS-01,application/pdf,http://islandhouse.wales/wp-content/uploads/2022/02/REPAIR-WORKS-01.pdf
908,PRE-PURCHASE-FINAL,application/pdf,http://islandhouse.wales/wp-content/uploads/2022/02/PRE-PURCHASE-FINAL.pdf
907,PEOPLE-AND-HISTORY-PAGE-2,application/pdf,http://islandhouse.wales/wp-content/uploads/2022/02/PEOPLE-AND-HISTORY-PAGE-2.pdf
906,PEOPLE-AND-HISTORY-PAGE-1,application/pdf,http://islandhouse.wales/wp-content/uploads/2022/02/PEOPLE-AND-HISTORY-PAGE-1.pdf
905,HISTORY-OF-ISLAND-HOUSE-2,application/pdf,http://islandhouse.wales/wp-content/uploads/2022/02/HISTORY-OF-ISLAND-HOUSE-2.pdf
904,HISTORY-OF-ISLAND-HOUSE-1,application/pdf,http://islandhouse.wales/wp-content/uploads/2022/02/HISTORY-OF-ISLAND-HOUSE-1.pdf
903,GROUND-INVESTIGATION-FINAL,application/pdf,http://islandhouse.wales/wp-content/uploads/2022/02/GROUND-INVESTIGATION-FINAL.pdf
902,ENVIRONMETAL-RECONSTRUCTION,application/pdf,http://islandhouse.wales/wp-content/uploads/2022/02/ENVIRONMETAL-RECONSTRUCTION.pdf
901,DESIGN-DEVELOPMENT,application/pdf,http://islandhouse.wales/wp-content/uploads/2022/02/DESIGN-DEVELOPMENT.pdf
900,CONDITION-ON-PURCHASE-FINAL,application/pdf,http://islandhouse.wales/wp-content/uploads/2022/02/CONDITION-ON-PURCHASE-FINAL.pdf
899,COMMENCING-REPAIR-WORKS,application/pdf,http://islandhouse.wales/wp-content/uploads/2022/02/COMMENCING-REPAIR-WORKS.pdf
898,Clearance,application/pdf,http://islandhouse.wales/wp-content/uploads/2022/02/CLEARANCE-FINAL.pdf
897,CIVIL-WAR-FINAL,application/pdf,http://islandhouse.wales/wp-content/uploads/2022/02/CIVIL-WAR-FINAL.pdf
896,ARCHAEOLOGY,application/pdf,http://islandhouse.wales/wp-content/uploads/2022/02/ARCHAEOLOGY.pdf
887,DCIM100MEDIADJI_0234.JPG,image/jpeg,http://islandhouse.wales/wp-content/uploads/2021/06/IH-scaled.jpg
875,1 – 1,image/jpeg,http://islandhouse.wales/wp-content/uploads/2021/02/1-1-2-scaled.jpeg
874,1 – 2,image/jpeg,http://islandhouse.wales/wp-content/uploads/2021/02/1-2-1-scaled.jpeg
873,1 – 1,image/jpeg,http://islandhouse.wales/wp-content/uploads/2021/02/1-1-scaled.jpeg
872,1 – 1 (1),image/jpeg,http://islandhouse.wales/wp-content/uploads/2021/02/1-1-1-scaled.jpeg
871,1 – 2,image/jpeg,http://islandhouse.wales/wp-content/uploads/2021/02/1-2-scaled.jpeg
865,The Owners And People Of Island House | 1778 – 2020,image/png,http://islandhouse.wales/wp-content/uploads/2021/02/Screenshot-2021-02-18-at-09.08.53.png
855,The Arrival Of The First Delivery Of Oak Beams,image/png,http://islandhouse.wales/wp-content/uploads/2020/09/Screenshot-2021-02-17-at-16.39.25.png
854,Screenshot 2021-02-17 at 10.04.02,image/png,http://islandhouse.wales/wp-content/uploads/2020/09/Screenshot-2021-02-17-at-10.04.02.png
827,James Vincent IHRL,image/png,http://islandhouse.wales/wp-content/uploads/2021/02/Screenshot-2021-02-17-at-10.04.02.png
823,Rob Scourfield,image/png,http://islandhouse.wales/wp-content/uploads/2021/01/Screenshot-2021-02-17-at-09.11.35.png
817,LiDAR Image Of Trench 2,image/png,http://islandhouse.wales/wp-content/uploads/2021/02/Screenshot-2021-02-17-at-08.59.24.png
796,Screenshot-2020-06-29-at-14.36.07-2048×507,image/png,http://islandhouse.wales/wp-content/uploads/2021/02/Screenshot-2020-06-29-at-14.36.07-2048x507-1.png
795,Screenshot-2020-06-29-at-14.39.57-2048×422,image/png,http://islandhouse.wales/wp-content/uploads/2021/02/Screenshot-2020-06-29-at-14.39.57-2048x422-1.png
794,Screenshot-2020-07-02-at-16.52.18,image/png,http://islandhouse.wales/wp-content/uploads/2021/02/Screenshot-2020-07-02-at-16.52.18.png
793,DSCF1305-2048×850,image/jpeg,http://islandhouse.wales/wp-content/uploads/2021/02/DSCF1305-2048x850-1.jpg
792,Casework-SPAB-Island-House-Credit-Stuart-Logan,image/jpeg,http://islandhouse.wales/wp-content/uploads/2021/02/Casework-SPAB-Island-House-Credit-Stuart-Logan.jpg
791,Screenshot-2020-04-20-at-14.52.36,image/png,http://islandhouse.wales/wp-content/uploads/2021/02/Screenshot-2020-04-20-at-14.52.36.png
790,IH-1948-2048×1738,image/png,http://islandhouse.wales/wp-content/uploads/2021/02/IH-1948-2048x1738-1.png
789,Screenshot-2020-06-29-at-11.28.23,image/jpeg,http://islandhouse.wales/wp-content/uploads/2021/02/Screenshot-2020-06-29-at-11.28.23.jpg
788,Screenshot-2020-06-29-at-11.34,image/jpeg,http://islandhouse.wales/wp-content/uploads/2021/02/Screenshot-2020-06-29-at-11.34.jpg
787,Screenshot-2020-06-29-at-11.33,image/jpeg,http://islandhouse.wales/wp-content/uploads/2021/02/Screenshot-2020-06-29-at-11.33.jpg
786,Island-House-1911,image/jpeg,http://islandhouse.wales/wp-content/uploads/2021/02/Island-House-1911.jpg
785,108695,image/jpeg,http://islandhouse.wales/wp-content/uploads/2021/02/108695.jpg
784,CongreveSchneiderPROBATE,image/jpeg,http://islandhouse.wales/wp-content/uploads/2021/02/CongreveSchneiderPROBATE.jpg
783,Screenshot-2020-06-29-at-11.36.53,image/png,http://islandhouse.wales/wp-content/uploads/2021/02/Screenshot-2020-06-29-at-11.36.53.png
782,Screenshot-2020-12-10-at-13.15.37,image/png,http://islandhouse.wales/wp-content/uploads/2021/02/Screenshot-2020-12-10-at-13.15.37.png
781,IMG_1445-2048×1319,image/jpeg,http://islandhouse.wales/wp-content/uploads/2021/02/IMG_1445-2048x1319-1.jpg
780,Screenshot-2020-06-29-at-11.40.41,image/png,http://islandhouse.wales/wp-content/uploads/2021/02/Screenshot-2020-06-29-at-11.40.41.png
779,Island-House-Page-4-Then,image/jpeg,http://islandhouse.wales/wp-content/uploads/2021/02/Island-House-Page-4-Then.jpg
778,Screenshot-2020-06-29-at-14.04.46-2048×1723,image/png,http://islandhouse.wales/wp-content/uploads/2021/02/Screenshot-2020-06-29-at-14.04.46-2048x1723-1.png
777,Screenshot-2020-06-29-at-14.02.44-2048×398,image/png,http://islandhouse.wales/wp-content/uploads/2021/02/Screenshot-2020-06-29-at-14.02.44-2048x398-1.png
776,Screenshot-2020-06-29-at-14.46.10-2048×484,image/png,http://islandhouse.wales/wp-content/uploads/2021/02/Screenshot-2020-06-29-at-14.46.10-2048x484-1.png
775,Screenshot-2020-06-29-at-12.16.14,image/png,http://islandhouse.wales/wp-content/uploads/2021/02/Screenshot-2020-06-29-at-12.16.14.png
774,Screenshot-2020-06-29-at-13.02.09-2048×1543,image/png,http://islandhouse.wales/wp-content/uploads/2021/02/Screenshot-2020-06-29-at-13.02.09-2048x1543-1.png
721,Island House Ceramic Building material report.,application/pdf,http://islandhouse.wales/wp-content/uploads/2021/01/Island-House-Ceramic-Building-material-report..pdf
720,Island House Clay Pipes report,application/pdf,http://islandhouse.wales/wp-content/uploads/2021/01/Island-House-Clay-Pipes-report.pdf
719,Island House Pottery report,application/pdf,http://islandhouse.wales/wp-content/uploads/2021/01/Island-House-Pottery-report.pdf
718,References for Island House pottery report,application/pdf,http://islandhouse.wales/wp-content/uploads/2021/01/References-for-Island-House-pottery-report.pdf
717,Trench 1 table of fabrics,application/pdf,http://islandhouse.wales/wp-content/uploads/2021/01/Trench-1-table-of-fabrics.pdf
716,Trench 2 table of fabrics,application/pdf,http://islandhouse.wales/wp-content/uploads/2021/01/Trench-2-table-of-fabrics.pdf
715,Trenches 1 & 2 fabric totals,application/pdf,http://islandhouse.wales/wp-content/uploads/2021/01/Trenches-1-2-fabric-totals.pdf
701,Index,application/pdf,http://islandhouse.wales/wp-content/uploads/2021/01/Index.pdf
685,T1 Phase 5,application/pdf,http://islandhouse.wales/wp-content/uploads/2021/01/T1-Phase-5.pdf
684,T1 Phase 4 Stony Interior,application/pdf,http://islandhouse.wales/wp-content/uploads/2021/01/T1-Phase-4-Stony-Interior.pdf
683,T1 Phase 3 Stepping Stones,application/pdf,http://islandhouse.wales/wp-content/uploads/2021/01/T1-Phase-3-Stepping-Stones.pdf
682,T1 Phase 2,application/pdf,http://islandhouse.wales/wp-content/uploads/2021/01/T1-Phase-2.pdf
681,T1 Phase 1,application/pdf,http://islandhouse.wales/wp-content/uploads/2021/01/T1-Phase-1.pdf
680,T1 Phase 8,application/pdf,http://islandhouse.wales/wp-content/uploads/2021/01/T1-Phase-8.pdf
679,T1 Phase 7 Clay Floor,application/pdf,http://islandhouse.wales/wp-content/uploads/2021/01/T1-Phase-7-Clay-Floor.pdf
678,T1 Phase 6,application/pdf,http://islandhouse.wales/wp-content/uploads/2021/01/T1-Phase-6.pdf
671,T2_Phase_6_18th_19th_century,image/jpeg,http://islandhouse.wales/wp-content/uploads/2021/01/T2_Phase_6_18th_19th_century-scaled.jpg
670,T2_Phase_5_mid18th_century,image/jpeg,http://islandhouse.wales/wp-content/uploads/2021/01/T2_Phase_5_mid18th_century-scaled.jpg
669,T2_Phase_4_17th_18th_century,image/jpeg,http://islandhouse.wales/wp-content/uploads/2021/01/T2_Phase_4_17th_18th_century-scaled.jpg
668,T2_Phase_3_17th_century,image/jpeg,http://islandhouse.wales/wp-content/uploads/2021/01/T2_Phase_3_17th_century-scaled.jpg
667,T2_Phase_2_13th_15th_century,image/jpeg,http://islandhouse.wales/wp-content/uploads/2021/01/T2_Phase_2_13th_15th_century-scaled.jpg
666,T2_Phase_1_12th_13th_century,image/jpeg,http://islandhouse.wales/wp-content/uploads/2021/01/T2_Phase_1_12th_13th_century-scaled.jpg
665,T1_Phase_8_17th_century,image/jpeg,http://islandhouse.wales/wp-content/uploads/2021/01/T1_Phase_8_17th_century-scaled.jpg
664,T1_Phase_7_16th_century,image/jpeg,http://islandhouse.wales/wp-content/uploads/2021/01/T1_Phase_7_16th_century-scaled.jpg
663,T1_Phase_6_14th_15th_century,image/jpeg,http://islandhouse.wales/wp-content/uploads/2021/01/T1_Phase_6_14th_15th_century-scaled.jpg
658,T1_Phase_1_12th-13th century,image/jpeg,http://islandhouse.wales/wp-content/uploads/2021/01/T1_Phase_1_12th-13th-century-scaled.jpg
628,Trench 2 table of fabrics,application/msword,http://islandhouse.wales/wp-content/uploads/2021/01/Trench-2-table-of-fabrics.doc
627,Trench 1 table of fabrics,application/vnd.openxmlformats-officedocument.wordprocessingml.document,http://islandhouse.wales/wp-content/uploads/2021/01/Trench-1-table-of-fabrics.docx
626,References for Island House pottery report,application/vnd.openxmlformats-officedocument.wordprocessingml.document,http://islandhouse.wales/wp-content/uploads/2021/01/References-for-Island-House-pottery-report.docx
625,Island House Pottery report,application/vnd.openxmlformats-officedocument.wordprocessingml.document,http://islandhouse.wales/wp-content/uploads/2021/01/Island-House-Pottery-report.docx
624,Island House Clay Pipes report,application/vnd.openxmlformats-officedocument.wordprocessingml.document,http://islandhouse.wales/wp-content/uploads/2021/01/Island-House-Clay-Pipes-report.docx
623,Island House Ceramic Building material report.,application/vnd.openxmlformats-officedocument.wordprocessingml.document,http://islandhouse.wales/wp-content/uploads/2021/01/Island-House-Ceramic-Building-material-report..docx
622,Trenches 1 & 2 fabric totals,application/vnd.openxmlformats-officedocument.wordprocessingml.document,http://islandhouse.wales/wp-content/uploads/2021/01/Trenches-1-2-fabric-totals.docx
594,1 – 1,image/jpeg,http://islandhouse.wales/wp-content/uploads/2021/01/1-1-scaled.jpeg
593,1 – 2,image/jpeg,http://islandhouse.wales/wp-content/uploads/2021/01/1-2-scaled.jpeg
592,1 – 3,image/jpeg,http://islandhouse.wales/wp-content/uploads/2021/01/1-3-scaled.jpeg
591,1 – 4,image/jpeg,http://islandhouse.wales/wp-content/uploads/2021/01/1-4-scaled.jpeg
587,DJI_20210105_115353_845_pano,image/jpeg,http://islandhouse.wales/wp-content/uploads/2021/01/DJI_20210105_115353_845_pano-scaled.jpg
586,DJI_20210105_115327_100_pano,image/jpeg,http://islandhouse.wales/wp-content/uploads/2021/01/DJI_20210105_115327_100_pano.jpg
570,Scaffolding erected for Chimney repair,image/jpeg,http://islandhouse.wales/wp-content/uploads/2020/11/IH-3rd-Nov-2020-Scaffolding-for-Chimney-repair-scaled.jpg
569,Chimney waiting repair,image/jpeg,http://islandhouse.wales/wp-content/uploads/2020/11/IH-22nd-Oct-2020-Chimney-waiting-repair--scaled.jpg
568,"Roof ,chimney and spine wall repairs",image/jpeg,http://islandhouse.wales/wp-content/uploads/2020/11/IH-3rd-Nov-2020-Roof-chimney-and-spine-wall-repairs-scaled.jpg
567,New oak beams installed on first floor,image/jpeg,http://islandhouse.wales/wp-content/uploads/2020/11/IH-3rdNov-2020-New-oak-beams-first-floor-scaled.jpg
566,New oak beams installed,image/jpeg,http://islandhouse.wales/wp-content/uploads/2020/11/IH-3rd-Nov-2020-New-oak-beams--scaled.jpg
554,Island House & Laugharne Castle Aerial View,image/png,http://islandhouse.wales/wp-content/uploads/2020/10/Island-House-Aerial-1.png
553,Island House & Laugharne Castle Aerial View,image/png,http://islandhouse.wales/wp-content/uploads/2020/10/Island-House-Aerial.png
550,DCIM100MEDIADJI_0405.JPG,image/jpeg,http://islandhouse.wales/wp-content/uploads/2020/10/A-902-V5-2-scaled.jpeg
549,DCIM100MEDIADJI_0434.JPG,image/jpeg,http://islandhouse.wales/wp-content/uploads/2020/10/A-902-V4-scaled.jpeg
548,DCIM100MEDIADJI_0412.JPG,image/jpeg,http://islandhouse.wales/wp-content/uploads/2020/10/A-902-V6-2-scaled.jpeg
547,DCIM100MEDIADJI_0411.JPG,image/jpeg,http://islandhouse.wales/wp-content/uploads/2020/10/A-902-V6-scaled.jpeg
546,DCIM100MEDIADJI_0427.JPG,image/jpeg,http://islandhouse.wales/wp-content/uploads/2020/10/A-902-V1-2-scaled.jpeg
545,DCIM100MEDIADJI_0423.JPG,image/jpeg,http://islandhouse.wales/wp-content/uploads/2020/10/A-902-V2-3-scaled.jpeg
544,DCIM100MEDIADJI_0445.JPG,image/jpeg,http://islandhouse.wales/wp-content/uploads/2020/10/A-902-V3-2-scaled.jpeg
543,DCIM100MEDIADJI_0413.JPG,image/jpeg,http://islandhouse.wales/wp-content/uploads/2020/10/A-902-V6-3-scaled.jpeg
522,Emergency Repairs,image/jpeg,http://islandhouse.wales/wp-content/uploads/2020/10/News-Letter-Photo-07-10-2020-at-14.15.jpg
521,Archaeological Survey,image/jpeg,http://islandhouse.wales/wp-content/uploads/2020/10/News-Letter-Photo-12-10-20-YUN_0033.jpg
520,News,image/jpeg,http://islandhouse.wales/wp-content/uploads/2020/10/tempImagefHsvxz-scaled.jpg
514,IH-After,image/png,http://islandhouse.wales/wp-content/uploads/2020/06/IH-After.png
513,IH-Before,image/png,http://islandhouse.wales/wp-content/uploads/2020/06/IH-Before.png
494,Comparison-1-Before-Work,image/jpeg,http://islandhouse.wales/wp-content/uploads/2020/04/Comparison-1-Before-Work-1.jpg
486,Comparison-1-Before-Work,image/jpeg,http://islandhouse.wales/wp-content/uploads/2020/04/Comparison-1-Before-Work.jpg
485,Comparison-1-After-Work,image/jpeg,http://islandhouse.wales/wp-content/uploads/2020/04/Comparison-1-After-Work.jpg
484,Comparison-2-Before-Work,image/jpeg,http://islandhouse.wales/wp-content/uploads/2020/04/Comparison-2-Before-Work.jpg
483,Comparison-2-After-Work,image/jpeg,http://islandhouse.wales/wp-content/uploads/2020/04/Comparison-2-After-Work.jpg
482,Comparison-3-Before-Work,image/jpeg,http://islandhouse.wales/wp-content/uploads/2020/04/Comparison-3-Before-Work.jpg
481,Comparison-3-After-Work,image/jpeg,http://islandhouse.wales/wp-content/uploads/2020/04/Comparison-3-After-Work.jpg
480,Comparison-4-Before-Work,image/jpeg,http://islandhouse.wales/wp-content/uploads/2020/04/Comparison-4-Before-Work.jpg
479,Comparison-4-After-Work,image/jpeg,http://islandhouse.wales/wp-content/uploads/2020/04/Comparison-4-After-Work.jpg
478,Comparison-5-Before-Work,image/jpeg,http://islandhouse.wales/wp-content/uploads/2020/04/Comparison-5-Before-Work.jpg
477,Comparison-5-After-Work,image/jpeg,http://islandhouse.wales/wp-content/uploads/2020/04/Comparison-5-After-Work.jpg
476,Comparison-6-Before-Work,image/jpeg,http://islandhouse.wales/wp-content/uploads/2020/04/Comparison-6-Before-Work.jpg
475,Comparison-6-After-Work,image/jpeg,http://islandhouse.wales/wp-content/uploads/2020/04/Comparison-6-After-Work.jpg
474,Comparison-7-Before-Work,image/jpeg,http://islandhouse.wales/wp-content/uploads/2020/04/Comparison-7-Before-Work.jpg
473,Comparison-7-After-Work,image/jpeg,http://islandhouse.wales/wp-content/uploads/2020/04/Comparison-7-After-Work.jpg
472,Comparison-8-Before-Work,image/jpeg,http://islandhouse.wales/wp-content/uploads/2020/04/Comparison-8-Before-Work.jpg
471,Comparison-8-After-Work,image/jpeg,http://islandhouse.wales/wp-content/uploads/2020/04/Comparison-8-After-Work.jpg
470,Comparison-9-Before-Work,image/jpeg,http://islandhouse.wales/wp-content/uploads/2020/04/Comparison-9-Before-Work.jpg
469,Comparison-9-After-Work,image/jpeg,http://islandhouse.wales/wp-content/uploads/2020/04/Comparison-9-After-Work.jpg
468,Comparison-10-Before-Work,image/jpeg,http://islandhouse.wales/wp-content/uploads/2020/04/Comparison-10-Before-Work.jpg
467,Comparison-10-After-Work,image/jpeg,http://islandhouse.wales/wp-content/uploads/2020/04/Comparison-10-After-Work.jpg
466,Comparison-11-Before-Work,image/jpeg,http://islandhouse.wales/wp-content/uploads/2020/04/Comparison-11-Before-Work.jpg
465,Comparison-11-After-Work,image/jpeg,http://islandhouse.wales/wp-content/uploads/2020/04/Comparison-11-After-Work.jpg
431,map,image/jpeg,http://islandhouse.wales/wp-content/uploads/2020/03/map.jpg
425,Corporation Map,image/jpeg,http://islandhouse.wales/wp-content/uploads/2020/03/Corporation-Map.jpg
423,corner-image,image/png,http://islandhouse.wales/wp-content/uploads/2020/03/corner-image-1.png
421,corner-image,image/png,http://islandhouse.wales/wp-content/uploads/2020/03/corner-image.png
413,Island House Sketch By Mary Curtis,image/jpeg,http://islandhouse.wales/wp-content/uploads/2020/03/Island-House-Sketch-By-Mary-Curtis.jpg
